{
  "create:blaze_burner": null,
  "create:copper_backtank": null,
  "create:contraption_inv": null,
  "lootr:inventory": null,
  "create:hide_boiler_tanks": null,
  "create:crafting_blueprint": null,
  "create:placard": null,
  "create:exact_block": null,
  "create:filter": null,
  "create:goggles": null,
  "mekanism:data_provider": null,
  "mekanism:entity_data_provider": null,
  "mekanism:tooltip_renderer": null,
  "mekanism:remove_builtin": null,
  "pneumaticcraft:pneumatic": null,
  "pneumaticcraft:semiblock": null,
  "pneumaticcraft:redstone": null,
  "pneumaticcraft:tube_module": null,
  "pneumaticcraft:entity": null,
  "pneumaticcraft:camo": null,
  "twilightforest:quest_ram_wool": null,
  "ars_nouveau:mob_jar": null,
  "waystones:waystone": null,
  "minecraft:fluid": null,
  "immersiveengineering:hemp": null,
  "immersiveengineering:multiblock_icon": null,
  "minecraft:brewing_stand": null,
  "minecraft:beehive": null,
  "minecraft:command_block": null,
  "minecraft:jukebox": null,
  "minecraft:lectern": null,
  "minecraft:redstone": null,
  "minecraft:furnace": null,
  "minecraft:animal_owner": null,
  "minecraft:potion_effects": null,
  "minecraft:mob_growth": null,
  "minecraft:mob_breeding": null,
  "minecraft:chicken_egg": null,
  "minecraft:block_states": null,
  "minecraft:horse_stats": null,
  "minecraft:item_frame": null,
  "minecraft:tnt_stability": null,
  "minecraft:note_block": null,
  "minecraft:armor_stand": null,
  "minecraft:painting": null,
  "minecraft:harvest_tool": null,
  "minecraft:enchantment_power": null,
  "minecraft:total_enchantment_power": null,
  "minecraft:player_head": null,
  "minecraft:villager_profession": null,
  "minecraft:item_tooltip": null,
  "minecraft:falling_block": null,
  "minecraft:entity_health": null,
  "minecraft:entity_armor": null,
  "minecraft:crop_progress": null,
  "minecraft:mob_spawner": null,
  "minecraft:block_inventory": null,
  "minecraft:energy_storage": null,
  "minecraft:progress": null,
  "jade:object_name": null,
  "jade:registry_name": null,
  "jade:mod_name": null,
  "jade:distance": null,
  "jade:block_face": null,
  "ae2:server_data": null,
  "ae2:charger": null,
  "ae2:crafting_monitor": null,
  "ae2:pattern_provider": null,
  "ae2:power_storage": null,
  "ae2:grid_node_state": null,
  "ae2:debug": null,
  "ae2:part_name": null,
  "ae2:part_icon": null,
  "ae2:part_tooltip": null,
  "ae2:part_mod_name": null,
  "corpse:corpse": null,
  "treechop:plugin": null,
  "corpse:corpse": null,
  "mekanism:data_provider": null,
  "mekanism:entity_data_provider": null,
  "mekanism:tooltip_renderer": null,
  "mekanism:remove_builtin": null,
  "treechop:plugin": null,
  "twilightforest:quest_ram_wool": null,
  "ars_nouveau:mob_jar": null,
  "waystones:waystone": null,
  "minecraft:fluid": null,
  "immersiveengineering:hemp": null,
  "immersiveengineering:multiblock_icon": null,
  "minecraft:brewing_stand": null,
  "minecraft:beehive": null,
  "minecraft:command_block": null,
  "minecraft:jukebox": null,
  "minecraft:lectern": null,
  "minecraft:redstone": null,
  "minecraft:furnace": null,
  "minecraft:animal_owner": null,
  "minecraft:potion_effects": null,
  "minecraft:mob_growth": null,
  "minecraft:mob_breeding": null,
  "minecraft:chicken_egg": null,
  "minecraft:block_states": null,
  "minecraft:horse_stats": null,
  "minecraft:item_frame": null,
  "minecraft:tnt_stability": null,
  "minecraft:note_block": null,
  "minecraft:armor_stand": null,
  "minecraft:painting": null,
  "minecraft:harvest_tool": null,
  "minecraft:enchantment_power": null,
  "minecraft:total_enchantment_power": null,
  "minecraft:player_head": null,
  "minecraft:villager_profession": null,
  "minecraft:item_tooltip": null,
  "minecraft:falling_block": null,
  "minecraft:entity_health": null,
  "minecraft:entity_armor": null,
  "minecraft:crop_progress": null,
  "minecraft:mob_spawner": null,
  "minecraft:block_inventory": null,
  "minecraft:energy_storage": null,
  "minecraft:progress": null,
  "jade:object_name": null,
  "jade:registry_name": null,
  "jade:mod_name": null,
  "jade:distance": null,
  "jade:block_face": null,
  "ae2:server_data": null,
  "ae2:charger": null,
  "ae2:crafting_monitor": null,
  "ae2:pattern_provider": null,
  "ae2:power_storage": null,
  "ae2:grid_node_state": null,
  "ae2:debug": null,
  "ae2:part_name": null,
  "ae2:part_icon": null,
  "ae2:part_tooltip": null,
  "ae2:part_mod_name": null
}